-- MySQL dump 10.13  Distrib 8.0.45, for Win64 (x86_64)
--
-- Host: localhost    Database: ovenroad
-- ------------------------------------------------------
-- Server version	8.0.45

/*!40101 SET @OLD_CHARACTER_SET_CLIENT=@@CHARACTER_SET_CLIENT */;
/*!40101 SET @OLD_CHARACTER_SET_RESULTS=@@CHARACTER_SET_RESULTS */;
/*!40101 SET @OLD_COLLATION_CONNECTION=@@COLLATION_CONNECTION */;
/*!50503 SET NAMES utf8mb4 */;
/*!40103 SET @OLD_TIME_ZONE=@@TIME_ZONE */;
/*!40103 SET TIME_ZONE='+00:00' */;
/*!40014 SET @OLD_UNIQUE_CHECKS=@@UNIQUE_CHECKS, UNIQUE_CHECKS=0 */;
/*!40014 SET @OLD_FOREIGN_KEY_CHECKS=@@FOREIGN_KEY_CHECKS, FOREIGN_KEY_CHECKS=0 */;
/*!40101 SET @OLD_SQL_MODE=@@SQL_MODE, SQL_MODE='NO_AUTO_VALUE_ON_ZERO' */;
/*!40111 SET @OLD_SQL_NOTES=@@SQL_NOTES, SQL_NOTES=0 */;

--
-- Table structure for table `places`
--

DROP TABLE IF EXISTS `places`;
/*!40101 SET @saved_cs_client     = @@character_set_client */;
/*!50503 SET character_set_client = utf8mb4 */;
CREATE TABLE `places` (
  `PLACE_NUM` int NOT NULL AUTO_INCREMENT,
  `PLACE_NAME` varchar(200) COLLATE utf8mb4_unicode_ci NOT NULL,
  `ADDRESS` varchar(300) COLLATE utf8mb4_unicode_ci DEFAULT NULL,
  `LATITUDE` decimal(10,7) DEFAULT NULL,
  `LONGITUDE` decimal(10,7) DEFAULT NULL,
  PRIMARY KEY (`PLACE_NUM`)
) ENGINE=InnoDB AUTO_INCREMENT=205 DEFAULT CHARSET=utf8mb4 COLLATE=utf8mb4_unicode_ci;
/*!40101 SET character_set_client = @saved_cs_client */;

--
-- Dumping data for table `places`
--

LOCK TABLES `places` WRITE;
/*!40000 ALTER TABLE `places` DISABLE KEYS */;
INSERT INTO `places` VALUES (137,'립하버','서울특별시 마포구 백범로24길 11-4',37.5459540,126.9449403),(138,'밀갸또 교대점','서울특별시 서초구 서초대로58길 37',37.4931396,127.0181536),(139,'노틀던','서울 성동구 서울숲2길 11 1층',37.5473831,127.0400308),(140,'청아함','서울 강서구 공항대로 206 나인스퀘어 6층 604호',37.5588935,126.8302728),(141,'버터베이커리 연남','서울 마포구 동교로 226',37.5600345,126.9240307),(142,'버터베이커리 망원','서울 마포구 월드컵로 65 1층',37.5548618,126.9108693),(143,'브레드피트','서울 영등포구 국제금융로 86 롯데캐슬아이비 지하1층 133호',37.5202061,126.9318000),(144,'갈릭보이 광장시장','서울 종로구 창경궁로 88 1층 46호',37.5701196,126.9997990),(145,'솔트24 혜화본점','서울 종로구 동숭길 36 1층',37.5798100,127.0042569),(146,'하이그라운드제빵소','서울 강북구 삼양로181길 161',37.6702870,127.0073704),(147,'하트티라미수 더현대서울점','서울 영등포구 여의대로 108 더현대서울 지하1층',37.5251913,126.9291128),(148,'하트티라미수 압구정 갤러리아점','서울특별시 강남구 압구정로 343 지하1층',37.5284754,127.0400527),(149,'방글','서울 성동구 성덕정15길 5-1 1층 103호',37.5381927,127.0536669),(150,'레브두','서울 송파구 백제고분로45길 19 2층 레브두서울',37.5097692,127.1093192),(151,'메종알리스','서울 강남구 삼성로119길 14 주호빌딩',37.5160373,127.0503186),(152,'트레스드','서울 송파구 백제고분로15길 50 1층',37.5097885,127.0847475),(153,'본노엘 성수점','서울특별시 성동구 상원길 64 1층',37.5497473,127.0480097),(154,'프레드므아 청담','서울특별시 강남구 선릉로148길 52 지상 1층',37.5228677,127.0438053),(155,'본노엘 답십리점','서울특별시 동대문구 전농로 75-18 1층',37.5717849,127.0562164),(156,'본노엘 왕십리점','서울특별시 성동구 고산자로2길 71 104호, 204호',37.5576515,127.0376230),(157,'본노엘 중계은행사거리점','서울특별시 노원구 한글비석로 245 1층 비-103호',37.6492608,127.0763611),(158,'뉴욕라츠오베이글스','서울 강남구 압구정로48길 28 뉴욕라츠오베이글스',37.5268616,127.0366172),(159,'수밀 블랑제리','서울 구로구 중앙로 100 1층 103호 수밀 블랑제리',37.5063537,126.8606125),(160,'세빠띠','서울 마포구 동교로25길 53 1층 세빠띠',37.5590629,126.9201538),(161,'푸하하크림빵','서울 마포구 양화로19길 22-25 1층',37.5589837,126.9244239),(162,'어글리베이커리','서울 마포구 월드컵로13길 73 1층 어글리 베이커리',37.5550353,126.9060610),(163,'빈스링','서울 노원구 상계로1길 54-4 상계동센트럴타워 지상1층 101호',37.6581575,127.0617212),(164,'아떼','서울특별시 강남구 삼성로103길 19 1층 ADDE',37.5099567,127.0530658),(165,'맨들러','서울 송파구 백제고분로 208 맨들러',37.5036220,127.0896619),(166,'쌀로상회 강동점','서울 강동구 고덕로61길 132',37.5605527,127.1515339),(167,'아오이토리','서울 마포구 와우산로29길 8 K.C빌딩',37.5547753,126.9294700),(168,'라프라','서울 종로구 자하문로 273 102호',37.5980060,126.9619287),(169,'오랑지 연남','서울 마포구 동교로38길 13 2층 오랑지',37.5620588,126.9250063),(170,'쭈롱베이커리','서울 마포구 동교로51길 81 1층',37.5659754,126.9225481),(171,'이오오','서울 마포구 망원로 6길 37 1층',37.5552830,126.9037876),(172,'어 슬라이스','서울 마포구 서강로11길 36-35 1층',37.5543148,126.9316568),(173,'유알티','서울 마포구 월드컵북로7길 34 1층',37.5577519,126.9161512),(174,'604서울','서울 마포구 동교로 49 정하빌딩 1층',37.5530880,126.9075819),(175,'고드니 망원점','서울 마포구 포은로 108 1층',37.5566602,126.9047732),(176,'고드니 마곡본점','서울 강서구 마곡중앙로 161-1 캐슬파크 2층 220, 230호',37.5678657,126.8274534),(177,'고미디저트 연남점','서울 마포구 동교로38안길 11 1.5층',37.5623751,126.9248397),(178,'녹녹','서울 마포구 성미산로 139 1층,2층 녹녹',37.5638429,126.9219330),(179,'Osds 연남','서울 마포구 성미산로22길 23 1층, 2층',37.5619914,126.9213271),(180,'모뎐','서울 마포구 연남로1길 50 1층',37.5597533,126.9204635),(181,'몰리하우스 연남','서울 마포구 동교로38길 33-16 2층',37.5618738,126.9263423),(182,'수더분','서울 마포구 백범로 152 202동 상가 이면도로',37.5447477,126.9482582),(183,'코코리코','서울 마포구 동교로39길 4 1층',37.5623180,126.9240560),(184,'돌체디앤','서울 마포구 월드컵로17길 61 1층/중간층',37.5547022,126.9076704),(185,'클로버베이커리','서울 마포구 방울내로 42 1층 클로버베이커리',37.5588290,126.9005520),(186,'유메이크쿠키','서울 마포구 연남로11길 30 1층',37.5654681,126.9174023),(187,'밀로밀','서울 마포구 희우정로10길 9 1층',37.5528763,126.9044986),(188,'구미가당','서울 마포구 포은로 75 1층',37.5538237,126.9055679),(189,'두두리두팡 망원본점','서울 마포구 월드컵로23길 19 1층 두두리두팡',37.5569072,126.9079195),(190,'마로스베이크하우스','서울 마포구 희우정로 94 1층',37.5539359,126.9024190),(191,'진켈라젤로 치즈케이크','서울 마포구 독막로8길 10 조현빌딩 1층 진켈란젤로',37.5475086,126.9179885),(192,'레귤러서비스','서울 마포구 월드컵로25길 58 1층 110호 해남공판장 건너편',37.5579535,126.9042804),(193,'하유 연남본점','서울 마포구 동교로51길 13 1층',37.5647660,126.9259832),(194,'바이어리셔 → 성수로 이사한다함','서울 마포구 망원로1길 22 망원 한강공원에서 도보 5분 거리에 있습니다.',37.5573927,126.9000266),(195,'비엔누아즈리 리에','서울 마포구 월드컵북로5길 22 1층',37.5570809,126.9175086),(196,'딥스 파티세리','서울 마포구 성미산로29안길 19-4 1층',37.5655906,126.9233390),(197,'리치몬드 과자점','서울특별시 마포구 월드컵북로 86',37.5614143,126.9156201),(198,'프릳츠','서울특별시 마포구 새창로2길 17',37.5410850,126.9490492),(199,'오월의 종','서울특별시 용산구 이태원로45길 34',37.5366101,126.9978458),(200,'김영모과자점','서울특별시 서초구 효령로 403 서초그랑몰 102호',37.4889156,127.0277492),(201,'나폴레옹과자점','서울특별시 성북구 성북로 7 1층',37.5889000,127.0050617),(202,'르빵','서울특별시 송파구 백제고분로41길 12 향나무빌딩',37.5072092,127.1081825),(203,'크레미엘','서울특별시 서초구 양재천로21길 3 디와이빌딩',37.4758045,127.0391511),(204,'폴앤폴리나','서울특별시 서대문구 연희로11길 56',37.5688866,126.9290707);
/*!40000 ALTER TABLE `places` ENABLE KEYS */;
UNLOCK TABLES;

--
-- Table structure for table `user`
--

DROP TABLE IF EXISTS `user`;
/*!40101 SET @saved_cs_client     = @@character_set_client */;
/*!50503 SET character_set_client = utf8mb4 */;
CREATE TABLE `user` (
  `USER_NUM` int NOT NULL AUTO_INCREMENT,
  `ID` varchar(50) COLLATE utf8mb4_unicode_ci DEFAULT NULL,
  `USER_PW` varchar(255) COLLATE utf8mb4_unicode_ci DEFAULT NULL,
  `NAME` varchar(50) COLLATE utf8mb4_unicode_ci NOT NULL,
  `NICKNAME` varchar(50) COLLATE utf8mb4_unicode_ci NOT NULL,
  `EMAIL` varchar(200) COLLATE utf8mb4_unicode_ci NOT NULL,
  `GRADE` tinyint NOT NULL DEFAULT '0',
  `PROFILE_IMAGE` varchar(500) COLLATE utf8mb4_unicode_ci DEFAULT NULL,
  `SOCIAL_TYPE` varchar(20) COLLATE utf8mb4_unicode_ci DEFAULT NULL,
  `SOCIAL_ID` varchar(255) COLLATE utf8mb4_unicode_ci DEFAULT NULL,
  PRIMARY KEY (`USER_NUM`),
  UNIQUE KEY `NICKNAME` (`NICKNAME`),
  UNIQUE KEY `EMAIL` (`EMAIL`),
  UNIQUE KEY `ID` (`ID`)
) ENGINE=InnoDB AUTO_INCREMENT=7 DEFAULT CHARSET=utf8mb4 COLLATE=utf8mb4_unicode_ci;
/*!40101 SET character_set_client = @saved_cs_client */;

--
-- Dumping data for table `user`
--

LOCK TABLES `user` WRITE;
/*!40000 ALTER TABLE `user` DISABLE KEYS */;
INSERT INTO `user` VALUES (2,'asder','$2b$10$O18WolRULMqDJBWM4tIwQORs8kb8pA80wipx6V7pWGF0FnNevmOMa','홍길동','홍길동1','dean414@naver.com',0,'https://ssl.pstatic.net/static/pwe/address/img_profile.png','naver','OiuIT3mWPV3CpWjc51zaRkhRZ0UiIdIld71mV_gzitk'),(6,NULL,NULL,'김영운','김영운','kakao_4809879187@kakao.temp',0,'http://img1.kakaocdn.net/thumb/R640x640.q70/?fname=http://t1.kakaocdn.net/account_images/default_profile.jpeg','kakao','4809879187');
/*!40000 ALTER TABLE `user` ENABLE KEYS */;
UNLOCK TABLES;

--
-- Table structure for table `place_menu`
--

DROP TABLE IF EXISTS `place_menu`;
/*!40101 SET @saved_cs_client     = @@character_set_client */;
/*!50503 SET character_set_client = utf8mb4 */;
CREATE TABLE `place_menu` (
  `MENU_NUM` int NOT NULL AUTO_INCREMENT,
  `PLACE_NUM` int NOT NULL,
  `MENU_NAME` varchar(100) COLLATE utf8mb4_unicode_ci NOT NULL,
  `PRICE` int DEFAULT '0',
  `IMAGE_URL` varchar(500) COLLATE utf8mb4_unicode_ci DEFAULT NULL,
  PRIMARY KEY (`MENU_NUM`),
  KEY `PLACE_NUM` (`PLACE_NUM`),
  CONSTRAINT `place_menu_ibfk_1` FOREIGN KEY (`PLACE_NUM`) REFERENCES `places` (`PLACE_NUM`)
) ENGINE=InnoDB AUTO_INCREMENT=541 DEFAULT CHARSET=utf8mb4 COLLATE=utf8mb4_unicode_ci;
/*!40101 SET character_set_client = @saved_cs_client */;

--
-- Dumping data for table `place_menu`
--

LOCK TABLES `place_menu` WRITE;
/*!40000 ALTER TABLE `place_menu` DISABLE KEYS */;
INSERT INTO `place_menu` VALUES (1,137,'Quark Mini',6000,NULL),(2,137,'Set menu',11000,NULL),(3,137,'Signature-A',11000,NULL),(4,137,'Brotzeit A',5500,NULL),(5,137,'Ethiopia',5000,NULL),(6,137,'Linen & Beige',5000,NULL),(7,137,'Decaffeinated',5000,NULL),(8,137,'Signature-B',11000,NULL),(9,137,'BASIC(only preorder)',12000,NULL),(10,138,'밀푀유',11000,NULL),(11,138,'레몬타르트',9500,'https://storage.googleapis.com/ovenroad-a0dc3.firebasestorage.app/menu/menu_lemon_tart.jpg'),(12,138,'오페라',10000,NULL),(13,139,'시그니처 누아',13000,NULL),(14,139,'시그니처 블랑',13000,NULL),(15,139,'바닐라 카라멜 밀푀유',12500,NULL),(16,139,'피스타치오 페스티벌',12500,NULL),(17,139,'이스파한 (시즌메뉴)',12500,NULL),(18,139,'포레 누아',12000,NULL),(19,139,'스트로베리 밤 (시즌메뉴)',11000,NULL),(20,140,'주문제작 케익/화과자',0,NULL),(21,141,'꿀고르곤바게트',6300,'https://storage.googleapis.com/ovenroad-a0dc3.firebasestorage.app/menu/menu_baguette.jpg'),(22,141,'흑임자앙버터',6300,'https://storage.googleapis.com/ovenroad-a0dc3.firebasestorage.app/menu/menu_black_sesame_angbutter.jpg'),(23,141,'바게트',4300,'https://storage.googleapis.com/ovenroad-a0dc3.firebasestorage.app/menu/menu_baguette.jpg'),(24,141,'바삭한무화과빵',6300,'https://storage.googleapis.com/ovenroad-a0dc3.firebasestorage.app/menu/menu_fig_bread.jpg'),(25,141,'파파바게트',6000,'https://storage.googleapis.com/ovenroad-a0dc3.firebasestorage.app/menu/menu_baguette.jpg'),(26,141,'바게트샌드위치',6000,'https://storage.googleapis.com/ovenroad-a0dc3.firebasestorage.app/menu/menu_baguette.jpg'),(27,141,'크루아상',4500,'https://storage.googleapis.com/ovenroad-a0dc3.firebasestorage.app/menu/menu_croissant.jpg'),(28,141,'버터소금빵',3900,NULL),(29,141,'크라상 샌드위치',8000,NULL),(30,141,'얼그레이파이',4600,NULL),(31,142,'흑임자앙버터',6300,'https://storage.googleapis.com/ovenroad-a0dc3.firebasestorage.app/menu/menu_black_sesame_angbutter.jpg'),(32,142,'꿀고르곤바게트',6300,'https://storage.googleapis.com/ovenroad-a0dc3.firebasestorage.app/menu/menu_baguette.jpg'),(33,142,'레몬딜잠봉뵈르',7800,NULL),(34,142,'바삭한무화과빵',6300,'https://storage.googleapis.com/ovenroad-a0dc3.firebasestorage.app/menu/menu_fig_bread.jpg'),(35,142,'크루아상',4500,'https://storage.googleapis.com/ovenroad-a0dc3.firebasestorage.app/menu/menu_croissant.jpg'),(36,142,'소금빵',3900,'https://storage.googleapis.com/ovenroad-a0dc3.firebasestorage.app/menu/menu_saltbread.jpg'),(37,142,'바게트',4300,'https://storage.googleapis.com/ovenroad-a0dc3.firebasestorage.app/menu/menu_baguette.jpg'),(38,142,'파파바게트',6000,'https://storage.googleapis.com/ovenroad-a0dc3.firebasestorage.app/menu/menu_baguette.jpg'),(39,142,'바게트샌드위치',6000,'https://storage.googleapis.com/ovenroad-a0dc3.firebasestorage.app/menu/menu_baguette.jpg'),(40,143,'우유크림빵',3300,NULL),(41,143,'아메리카노',3800,NULL),(42,143,'호밀빵',5800,'https://storage.googleapis.com/ovenroad-a0dc3.firebasestorage.app/menu/menu_rye_bread.jpg'),(43,143,'갓볶은원두',19000,NULL),(44,144,'Garlic Bread',3900,NULL),(45,144,'Garlic Crumble',4500,NULL),(46,144,'Soft Cream G/B',5100,NULL),(47,144,'Truffle Cream G/B',5300,NULL),(48,144,'Cheese Garlic Bread',6200,NULL),(49,144,'Spicy Ham & Cheese',6800,NULL),(50,145,'겨울한정 생크림딸기',6200,NULL),(51,145,'바스크 치즈 타르트',5500,NULL),(52,145,'뉴욕롤 5종',5000,NULL),(53,145,'당근라페 샌드위치',7900,NULL),(54,145,'바질 샌드위치',7900,NULL),(55,145,'에그베이컨 샌드위치',7500,NULL),(56,145,'솔트',4800,NULL),(57,145,'플레인',4800,NULL),(58,145,'소금빵',3800,'https://storage.googleapis.com/ovenroad-a0dc3.firebasestorage.app/menu/menu_saltbread.jpg'),(59,145,'카야잼',5500,NULL),(60,146,'홍국슈크림빵',5900,NULL),(61,146,'북한산솔방울빵',5900,NULL),(62,146,'아메리카노/디카페인',6500,NULL),(63,146,'카페모카',7500,NULL),(64,146,'수제캐러멜마끼아또',7500,NULL),(65,147,'오리지널 티라미수',26000,'https://storage.googleapis.com/ovenroad-a0dc3.firebasestorage.app/menu/menu_original_tiramisu.jpg'),(66,147,'솔티카라멜 티라미수',27000,'https://storage.googleapis.com/ovenroad-a0dc3.firebasestorage.app/menu/menu_original_tiramisu.jpg'),(67,147,'딸기우유 티라미수',29000,NULL),(68,147,'쿠키앤밀크 티라미수',27000,'https://storage.googleapis.com/ovenroad-a0dc3.firebasestorage.app/menu/menu_original_tiramisu.jpg'),(69,147,'오리지널 티라미수(레스스윗)',27000,'https://storage.googleapis.com/ovenroad-a0dc3.firebasestorage.app/menu/menu_original_tiramisu.jpg'),(70,147,'카페라떼(S)',4900,NULL),(71,147,'빅 아메리카노',4900,NULL),(72,148,'딸기우유티라미수',29000,NULL),(73,148,'오리지널 티라미수',26000,'https://storage.googleapis.com/ovenroad-a0dc3.firebasestorage.app/menu/menu_original_tiramisu.jpg'),(74,148,'솔티카라멜 티라미수',27000,'https://storage.googleapis.com/ovenroad-a0dc3.firebasestorage.app/menu/menu_original_tiramisu.jpg'),(75,148,'오리지널 티라미수 (레스스윗)',27000,'https://storage.googleapis.com/ovenroad-a0dc3.firebasestorage.app/menu/menu_original_tiramisu.jpg'),(76,148,'쿠키앤밀크 티라미수',27000,'https://storage.googleapis.com/ovenroad-a0dc3.firebasestorage.app/menu/menu_original_tiramisu.jpg'),(77,148,'빅카페라떼',6900,NULL),(78,148,'빅아메리카노',4900,NULL),(79,150,'레브두 만겹크로와상',5800,NULL),(80,150,'시즌 멜바',0,NULL),(81,150,'쁘띠가또',0,NULL),(82,150,'복숭아 플레이트',22000,NULL),(83,150,'바닐라타르트',9500,NULL),(84,151,'빵오르방',6800,NULL),(85,151,'무화과깜빠뉴',6300,NULL),(86,151,'고구마브리오슈',6200,NULL),(87,151,'바게트',4000,'https://storage.googleapis.com/ovenroad-a0dc3.firebasestorage.app/menu/menu_baguette.jpg'),(88,151,'베이글',3500,NULL),(89,151,'명란바게트',5200,NULL),(90,151,'치즈 치아바타',4500,NULL),(91,151,'올리브 치아바타',4500,'https://storage.googleapis.com/ovenroad-a0dc3.firebasestorage.app/menu/menu_olive_ciabatta.jpg'),(92,151,'크렌베리크림치즈깜빠뉴',6300,NULL),(93,152,'스폴리아텔레(바닐라,쇼콜라)',9000,NULL),(94,152,'카놀리',6000,NULL),(95,152,'샤를로트',10900,NULL),(96,152,'피스타치오크림라떼(시그니처)',7500,NULL),(97,152,'파마산치즈 바스크',7300,NULL),(98,152,'한라봉 부케',9800,NULL),(99,152,'밤말차라떼',6500,NULL),(100,152,'딸기 티라미수(시즌 한정)',10500,NULL),(101,152,'루즈 에 누와르',9800,NULL),(102,153,'NEW 상하이 버터떡(NO밀가루)',0,'https://storage.googleapis.com/ovenroad-a0dc3.firebasestorage.app/menu/menu_butterttok.jpg'),(103,153,'NEW 두바이쫀득쿠키',7500,'https://storage.googleapis.com/ovenroad-a0dc3.firebasestorage.app/menu/menu_dubai_cookie.jpg'),(104,153,'BEST. 고짠 고짠 소금빵',3800,NULL),(105,153,'BEST. 갈바 속촉 앙버터',5500,NULL),(106,153,'3월 한정메뉴 프리미엄 생딸기케이크',38000,NULL),(107,153,'BEST. 고메버터 프레첼',5500,NULL),(108,153,'밤식빵',6500,'https://storage.googleapis.com/ovenroad-a0dc3.firebasestorage.app/menu/menu_chestnut_bread.jpg'),(109,153,'3월 한정메뉴 보틀 생딸기 케이크',6000,NULL),(110,153,'바스크 치즈 케이크',7000,'https://storage.googleapis.com/ovenroad-a0dc3.firebasestorage.app/menu/menu_basque_cheesecake.jpg'),(111,154,'이탈리안 샌드위치',15900,NULL),(112,154,'페펠로 올리브 푸가스',7500,NULL),(113,154,'제철과일 샌드',7500,NULL),(114,154,'인얼스 로스터리 아메리카노(ICE)',5000,NULL),(115,154,'인얼스 로스터리 아메리카노(HOT)',5000,NULL),(116,154,'티라미수',7000,NULL),(117,154,'샌드위치 세트(10:30 am~)',0,NULL),(118,154,'잠봉 뵈르 세트(AM10:30~)',23900,NULL),(119,154,'프리미엄 샌드위치(10:30 am~)',0,NULL),(120,154,'잠봉 뵈르 샌드위치(AM10:30~)',14200,NULL),(121,155,'NEW 상하이 버터떡(NO밀가루)',0,'https://storage.googleapis.com/ovenroad-a0dc3.firebasestorage.app/menu/menu_butterttok.jpg'),(122,155,'두바이 쫀득쿠키',7500,'https://storage.googleapis.com/ovenroad-a0dc3.firebasestorage.app/menu/menu_dubai_cookie.jpg'),(123,155,'고짠고짠 소금빵',3800,NULL),(124,155,'갈바속촉 앙버터',5000,NULL),(125,155,'버터프레첼',5000,NULL),(126,155,'밤식빵',6500,'https://storage.googleapis.com/ovenroad-a0dc3.firebasestorage.app/menu/menu_chestnut_bread.jpg'),(127,155,'천연발효종 무화과깜빠뉴',6500,NULL),(128,155,'초코바게트',5000,'https://storage.googleapis.com/ovenroad-a0dc3.firebasestorage.app/menu/menu_baguette.jpg'),(129,155,'쌀 엔젤쉬폰',8000,NULL),(130,156,'NEW 상하이 버터떡(NO밀가루)',0,'https://storage.googleapis.com/ovenroad-a0dc3.firebasestorage.app/menu/menu_butterttok.jpg'),(131,156,'소금빵',3500,'https://storage.googleapis.com/ovenroad-a0dc3.firebasestorage.app/menu/menu_saltbread.jpg'),(132,157,'NEW 상하이 버터떡',0,'https://storage.googleapis.com/ovenroad-a0dc3.firebasestorage.app/menu/menu_butterttok.jpg'),(133,157,'NEW 두바이쫀득쿠키',7500,'https://storage.googleapis.com/ovenroad-a0dc3.firebasestorage.app/menu/menu_dubai_cookie.jpg'),(134,157,'25만개 판매돌파 고짠고짠 소금빵',3500,NULL),(135,157,'40만개 판매돌파 갈바속촉 앙버터',5000,NULL),(136,157,'프리미엄 생딸기케이크',38000,NULL),(137,157,'앙버터',5500,NULL),(138,157,'쫀득쿠키 3종',3500,NULL),(139,157,'고단백 우유식빵',5500,NULL),(140,158,'쌀',5000,NULL),(141,158,'에브리띵',4500,NULL),(142,158,'스캘리언',4200,NULL),(143,158,'쑥',5500,NULL),(144,158,'플레인',4200,NULL),(145,158,'통밀',4500,NULL),(146,158,'통밀에브리띵',4500,NULL),(147,158,'갈릭',4500,NULL),(148,158,'어니언',4500,NULL),(149,159,'그린 치아바타',6000,NULL),(150,159,'소금 치아바타',4800,NULL),(151,159,'치아바타 샌드위치',16400,'https://storage.googleapis.com/ovenroad-a0dc3.firebasestorage.app/menu/menu_olive_ciabatta.jpg'),(152,159,'깜파뉴 [비건]',6200,NULL),(153,159,'무화과 깜파뉴 [비건]',5400,NULL),(154,159,'100%호밀 깜파뉴 [비건]',6500,NULL),(155,159,'수제 명란 바게트',6500,NULL),(156,159,'100% 유기농 통밀 식빵[비건]',7500,NULL),(157,159,'치아바타 [비건]',4200,NULL),(158,160,'산타',11000,NULL),(159,160,'트리',11000,NULL),(160,160,'루돌프',11000,NULL),(161,160,'눈사람',11000,NULL),(162,160,'벡조',9800,NULL),(163,160,'발렌타인',9800,NULL),(164,160,'에끌레어 딸기',8500,NULL),(165,160,'홍시',9800,NULL),(166,160,'사과 무스',9800,NULL),(167,161,'소금크림빵',3500,NULL),(168,161,'제주말차크림빵',3500,NULL),(169,161,'리얼딸기크림빵',3500,NULL),(170,161,'덜단팥크림빵',3700,NULL),(171,161,'그릭요거트크림빵',3500,NULL),(172,161,'말차단팥크림빵',3800,NULL),(173,162,'감동의 대파빵',7200,NULL),(174,162,'말차 맘모스',7200,NULL),(175,162,'얼그레이 크림빵',4000,NULL),(176,163,'크림도넛',4000,NULL),(177,163,'푸딩 (바닐라, 말차, 초코)',5800,NULL),(178,163,'글레이즈 도넛',2500,NULL),(179,163,'순우유도넛',4000,NULL),(180,163,'딸기순우유도넛 (12월~5월)',4700,NULL),(181,163,'로쉐도넛',4500,NULL),(182,163,'바닐라도넛',4000,NULL),(183,163,'초콜릿도넛',4000,NULL),(184,163,'딸기도넛 (6월~11월)',4000,NULL),(185,164,'아떼 압생트',18000,NULL),(186,164,'시가 초콜릿 박스',44000,NULL),(187,164,'딸기 홀케이크',58000,NULL),(188,164,'왕딸기 타르트 홀케이크',54000,NULL),(189,164,'딸기 몬테네그로',19000,NULL),(190,164,'애플타탄 시가',18000,NULL),(191,164,'파운드 케이크',36000,NULL),(192,164,'에멘탈 바스크 치즈케이크',35000,NULL),(193,164,'ADDE 초코쿠키 선물세트',27600,NULL),(194,165,'(넷플릭스 천하제빵)칠리옥수수빵',7000,NULL),(195,165,'(액설런트)맨들러크림라떼',7000,NULL),(196,165,'허니브레드(베이크드)',9000,NULL),(197,165,'애플크로와상샌드위치',9500,NULL),(198,165,'트러플 햄치즈 샌드위치',9500,NULL),(199,165,'허니 당근라페 샌드위치',9500,NULL),(200,165,'더블버터소금빵',3500,NULL),(201,165,'곰돌이 식빵',5500,NULL),(202,165,'토마토수프 + 마늘바게트3pc',8900,NULL),(203,166,'쌀베이글_허니버터',0,NULL),(204,166,'쌀베이글_버터솔트',0,NULL),(205,166,'쌀베이글_현미쌀',0,NULL),(206,167,'아키소바빵',4000,NULL),(207,167,'초코라떼',4500,NULL),(208,167,'아이스티',3500,NULL),(209,167,'유자차',3000,NULL),(210,167,'얼그레이',3000,NULL),(211,167,'자몽차',3000,NULL),(212,167,'말차멜론빵',3400,NULL),(213,167,'앙꼬버터',3300,NULL),(214,167,'명란 바게트',3200,NULL),(215,167,'새우카츠버거',5000,NULL),(216,167,'아메리카노',3500,NULL),(217,167,'카페라떼',4000,NULL),(218,167,'카페모카',4500,NULL),(219,167,'바닐라라떼',4500,NULL),(220,167,'우유',3000,NULL),(221,168,'핑크빛 정원',8500,NULL),(222,168,'오렌지꽃&딸기 에끌레어',8600,NULL),(223,168,'붉은과일치즈케이크',9200,NULL),(224,168,'바이올렛',8500,NULL),(225,168,'카라이브',9300,NULL),(226,168,'레몬타르트',8800,'https://storage.googleapis.com/ovenroad-a0dc3.firebasestorage.app/menu/menu_lemon_tart.jpg'),(227,168,'프랄리네 밀페유',8900,NULL),(228,168,'이베리스',8600,NULL),(229,168,'생토노레',8700,NULL),(230,169,'버터떡',8000,'https://storage.googleapis.com/ovenroad-a0dc3.firebasestorage.app/menu/menu_butterttok.jpg'),(231,169,'두바이 쫀득쿠키',6500,'https://storage.googleapis.com/ovenroad-a0dc3.firebasestorage.app/menu/menu_dubai_cookie.jpg'),(232,169,'말차티라미수',14000,NULL),(233,169,'하트팬케이크',13000,NULL),(234,169,'토끼산도',12000,NULL),(235,169,'말차 딸기 라떼',8000,NULL),(236,169,'말차라떼',7000,NULL),(237,169,'말차 오트 라떼',7500,NULL),(238,169,'딸기크로플',15000,NULL),(239,170,'쭈롱키',0,NULL),(240,170,'라이트쭈키',0,NULL),(241,170,'쭈크박스',0,NULL),(242,170,'아메리카노',5000,NULL),(243,170,'카페라떼',5500,NULL),(244,170,'바닐라라떼',6000,NULL),(245,170,'말차라떼',6000,NULL),(246,170,'현미라떼',6000,NULL),(247,170,'레몬민트에이드',6000,NULL),(248,170,'청귤에이드',6000,NULL),(249,170,'루이보스',5000,NULL),(250,172,'크리미 에그번',9000,NULL),(251,172,'메쉬드 포테이토',9500,NULL),(252,172,'그릴드 페스토',11000,NULL),(253,172,'토마토 칠리 치킨',12000,NULL),(254,172,'할라피뇨 크리미 머쉬룸',12800,NULL),(255,172,'살라미 코토 포카치아',13500,NULL),(256,173,'금귤 올리브 샐러드',12000,NULL),(257,173,'딸기 크루아상',7500,NULL),(258,173,'피스타치오 초콜릿 크루아상',7000,NULL),(259,173,'크루아상 샌드위치',11000,NULL),(260,173,'사워도우 샌드위치',13000,NULL),(261,173,'치아바타 샌드위치',14000,'https://storage.googleapis.com/ovenroad-a0dc3.firebasestorage.app/menu/menu_olive_ciabatta.jpg'),(262,173,'빵과 버터',7000,NULL),(263,173,'채소피클',3000,NULL),(264,174,'그릴드치즈 토스트',13000,NULL),(265,174,'쉬림프 번',11000,NULL),(266,174,'나나이모',6000,NULL),(267,174,'시모어 크림커피',6500,NULL),(268,174,'체스트넛 잼 토스트',8500,NULL),(269,174,'컨츄리 스틱',6000,NULL),(270,174,'햄 앤 치즈 샌드위치',13000,NULL),(271,174,'클럽 샌드위치',12000,NULL),(272,174,'깜빠뉴 플레이트',9000,NULL),(273,175,'글루텐프리 구움과자 BOX',3900,NULL),(274,175,'시즌 케이크',0,NULL),(275,175,'고드니비앙꼬',6900,NULL),(276,175,'시즌 메뉴',0,NULL),(277,175,'필터커피',0,NULL),(278,175,'아메리카노',5000,NULL),(279,175,'라떼',5900,NULL),(280,175,'바닐라빈 라떼',6300,NULL),(281,175,'클래식 비엔나',6600,NULL),(282,176,'소금 버터떡(3ea)',7800,NULL),(283,176,'시즌메뉴',0,NULL),(284,176,'두바이 휘낭시에',5800,'https://storage.googleapis.com/ovenroad-a0dc3.firebasestorage.app/menu/menu_dubai_financier.jpg'),(285,176,'필터커피',0,NULL),(286,176,'글루텐프리 구움과자 BOX',0,NULL),(287,176,'godny bianco',6900,NULL),(288,176,'시즌 케이크',0,NULL),(289,176,'Classic Vienna',6600,NULL),(290,176,'vanila latte',6300,NULL),(291,177,'버터떡 4P',8300,NULL),(292,177,'두바이 쫀득쿠키',5800,'https://storage.googleapis.com/ovenroad-a0dc3.firebasestorage.app/menu/menu_dubai_cookie.jpg'),(293,177,'하트 초콜렛 1P',9500,NULL),(294,177,'[시즌한정] 크림볼 딸기 푸딩',7800,NULL),(295,177,'[겨울한정] 크림볼 밤 티라미슈 푸딩',7800,NULL),(296,177,'두바이 초코 크림볼 푸딩',15800,NULL),(297,177,'우유 생딸기 케이크_미니 사이즈',33000,NULL),(298,177,'우유 생딸기 케이크_1호사이즈',43000,NULL),(299,177,'두바이 쫀득쿠키SET',37000,NULL),(300,178,'버터떡(3ea)',5500,NULL),(301,178,'바스크치즈케이크',7900,'https://storage.googleapis.com/ovenroad-a0dc3.firebasestorage.app/menu/menu_basque_cheesecake.jpg'),(302,178,'크림브륄레바스크치즈케이크',8500,NULL),(303,178,'초코크림볼바치게',8700,NULL),(304,178,'(Half)머쉬룸 치즈 샌드위치',6000,NULL),(305,178,'무화과 크림치즈 바게트',6800,NULL),(306,178,'앙버터 초코 바게트',6800,NULL),(307,178,'에치콘 크루아상',5100,NULL),(308,178,'햄 올리브 포카치아',5300,NULL),(309,179,'오렌지멍 케이크',11000,NULL),(310,179,'베리멍 케이크',11000,NULL),(311,179,'오순도순 쿠키 3pcs set',10000,NULL),(312,179,'말차딸기라떼',6900,NULL),(313,179,'시나몬라떼',7000,NULL),(314,179,'클래식 티라미수',9000,NULL),(315,179,'오순도순행케+오순도순쿠키1pcs',15000,NULL),(316,179,'오순도순행케',11500,NULL),(317,179,'Osds 커피젤리',6500,NULL),(318,180,'두바이 떠먹게',15900,NULL),(319,180,'두바이 피스타치오 에그타르트',11000,NULL),(320,180,'두바이 브라우니 에그타르트',10000,NULL),(321,180,'피스타치오 에그타르트',6000,NULL),(322,180,'딸기쇼트',8000,NULL),(323,180,'에그타르트',4000,'https://storage.googleapis.com/ovenroad-a0dc3.firebasestorage.app/menu/menu_eggtart.jpg'),(324,180,'디얼스라떼',7000,NULL),(325,180,'스콘',3800,NULL),(326,180,'솔티 휘낭시에',2300,NULL),(327,181,'고구마브릴레',5700,NULL),(328,181,'버터떡(4개입+연유소스)',6500,NULL),(329,181,'황치즈퐁당',7500,NULL),(330,181,'옥수수부들이',6300,NULL),(331,181,'고구마부들이',6300,NULL),(332,181,'목포에서왔새우',6900,NULL),(333,181,'고구마는사랑해',7300,NULL),(334,181,'명란랜치소금빵',4500,NULL),(335,181,'인간사료 러스크(콘소메/마늘)',6200,NULL),(336,182,'기본 사워도우',8000,NULL),(337,182,'호밀100% 사워도우',10500,NULL),(338,182,'드라이토마토&케이퍼&페타치즈 사워도우',13500,NULL),(339,182,'그린&블랙 올리브 사워도우',10500,NULL),(340,182,'선드라이 토마토 치아바타',5000,NULL),(341,182,'올리브&치즈 치아바타',4200,NULL),(342,182,'기본 치아바타',3500,NULL),(343,182,'통밀50%병아리콩&율무&수수 사워도우',9800,NULL),(344,182,'호밀50% 건자두&해바라기씨 사워도우',9800,NULL),(345,182,'통밀100% 사워도우',9800,NULL),(346,182,'그린올리브 사워도우',9800,NULL),(347,182,'치즈&할라피뇨 사워도우',10500,NULL),(348,182,'제주 밤호박&크림치즈 사워도우',5800,NULL),(349,182,'씨드 사워도우',9000,NULL),(350,183,'빵 아 라 샤테뉴',16000,NULL),(351,183,'빵 오 마이스',14000,NULL),(352,183,'빵 아 라부완',14000,NULL),(353,183,'통밀빵',12000,NULL),(354,183,'메밀빵',17000,NULL),(355,183,'호밀빵',11000,'https://storage.googleapis.com/ovenroad-a0dc3.firebasestorage.app/menu/menu_rye_bread.jpg'),(356,183,'포카치아 샌드위치',10700,NULL),(357,183,'잠봉 뵈르',10400,NULL),(358,183,'빵 오 르방(플레인 사워도우)',6700,NULL),(359,184,'버터떡',5500,'https://storage.googleapis.com/ovenroad-a0dc3.firebasestorage.app/menu/menu_butterttok.jpg'),(360,184,'두바이쫀득쿠키',5500,'https://storage.googleapis.com/ovenroad-a0dc3.firebasestorage.app/menu/menu_dubai_cookie.jpg'),(361,184,'로투스 카다이프 쿠키',4800,NULL),(362,184,'피스타치오 페이스트 쿠키',5200,NULL),(363,184,'보닛밤양꿈',4500,NULL),(364,184,'딕만스쿠키',4000,NULL),(365,184,'초코나무 녹차슈',4000,NULL),(366,184,'말차 가나슈쿠키',3900,NULL),(367,184,'피스타치오 가나슈 쿠키',4800,NULL),(368,185,'초코바게트',3800,'https://storage.googleapis.com/ovenroad-a0dc3.firebasestorage.app/menu/menu_baguette.jpg'),(369,185,'탕종소금빵',3800,NULL),(370,185,'트리플치즈치아바타',4000,NULL),(371,185,'페페로니포카치아',5500,NULL),(372,185,'블루베리 크림치즈 식빵',4000,NULL),(373,185,'포테이토베이컨포카치아',6000,NULL),(374,185,'토마토바질포카치아',5500,NULL),(375,185,'올리브가득치아바타',4000,NULL),(376,185,'바질토마토치즈치아바타',4500,NULL),(377,186,'버터떡',2000,'https://storage.googleapis.com/ovenroad-a0dc3.firebasestorage.app/menu/menu_butterttok.jpg'),(378,186,'두바이쫀득쿠키',5800,'https://storage.googleapis.com/ovenroad-a0dc3.firebasestorage.app/menu/menu_dubai_cookie.jpg'),(379,186,'두바이대빵쫀득쿠키',9900,NULL),(380,186,'키티마들렌케이크',39800,NULL),(381,186,'키티마들렌',4200,NULL),(382,186,'곰돌이 쿠키케이크(홀사이즈)',39900,NULL),(383,186,'레몬곰돌렌',3800,NULL),(384,186,'바스크치즈케이크',6900,'https://storage.googleapis.com/ovenroad-a0dc3.firebasestorage.app/menu/menu_basque_cheesecake.jpg'),(385,186,'두바이 초코가또',9900,NULL),(386,187,'소금버터빵',3000,NULL),(387,187,'에그타르트',3800,'https://storage.googleapis.com/ovenroad-a0dc3.firebasestorage.app/menu/menu_eggtart.jpg'),(388,187,'올리브 치아바타',3500,'https://storage.googleapis.com/ovenroad-a0dc3.firebasestorage.app/menu/menu_olive_ciabatta.jpg'),(389,187,'까눌레',2500,'https://storage.googleapis.com/ovenroad-a0dc3.firebasestorage.app/menu/menu_canele.jpg'),(390,187,'크루아상',3500,'https://storage.googleapis.com/ovenroad-a0dc3.firebasestorage.app/menu/menu_croissant.jpg'),(391,187,'아몬드 크루아상',5000,NULL),(392,188,'소금빵',3000,'https://storage.googleapis.com/ovenroad-a0dc3.firebasestorage.app/menu/menu_saltbread.jpg'),(393,188,'에그스콘',3700,NULL),(394,188,'명란소금빵',3700,NULL),(395,188,'잠봉소금빵',4500,NULL),(396,188,'크루아상',3700,'https://storage.googleapis.com/ovenroad-a0dc3.firebasestorage.app/menu/menu_croissant.jpg'),(397,188,'아몬드크루아상',4500,NULL),(398,188,'빵오쇼콜라',3800,'https://storage.googleapis.com/ovenroad-a0dc3.firebasestorage.app/menu/menu_pain_au_chocolat.jpg'),(399,188,'퀸아망',3800,NULL),(400,189,'비건 가또 케이크',10500,NULL),(401,189,'비건 까눌레',3500,NULL),(402,189,'비건 두이크 (떠먹는 케이크!)',9600,NULL),(403,189,'비건 치즈케이크',10500,NULL),(404,189,'비건 쌀시트 케이크',10500,NULL),(405,189,'비건 치즈바',7600,NULL),(406,189,'비건 두라우니 (브라우니)',5800,NULL),(407,189,'비건 두유 그릭요거트 - 두거트!',0,NULL),(408,189,'비건 마늘 떡볶이 밀키트',9900,NULL),(409,190,'버터떡',3500,'https://storage.googleapis.com/ovenroad-a0dc3.firebasestorage.app/menu/menu_butterttok.jpg'),(410,190,'마로샌드',6500,NULL),(411,190,'소금빵',3000,'https://storage.googleapis.com/ovenroad-a0dc3.firebasestorage.app/menu/menu_saltbread.jpg'),(412,190,'두바이쫀득쿠키 1set',11000,'https://storage.googleapis.com/ovenroad-a0dc3.firebasestorage.app/menu/menu_dubai_cookie.jpg'),(413,190,'쫀득빵',5000,NULL),(414,191,'조각케이크',6900,NULL),(415,191,'롤케이크 1호',27500,NULL),(416,191,'미드나잇아워티(디카페인)',5800,NULL),(417,191,'프렌치얼그레이',5800,NULL),(418,191,'바닐라빈라떼',5800,NULL),(419,191,'카페라떼',5200,NULL),(420,191,'아메리카노',4600,NULL),(421,191,'롤케이크 2호',54300,NULL),(422,192,'크림바닐라',6000,NULL),(423,192,'얼그레이밀크티 (pack)',5000,NULL),(424,192,'토마토바질소다',6000,NULL),(425,192,'보닛밤 두유요거트',6000,NULL),(426,192,'놈놈폼폼2 apple brie sandwich',10000,NULL),(427,192,'천원의 행벅(오늘의 과일)',1000,NULL),(428,192,'놈놈폼폼 샌드위치+아메리카노',10500,NULL),(429,192,'놈놈폼폼샌드위치2EA + 아메리카노 + 서비스음료',18500,NULL),(430,193,'두바이 피초수건 케이크',18000,NULL),(431,193,'두바이 우유수건 케이크',17000,NULL),(432,193,'버터떡 2ea',3600,NULL),(433,193,'두바이 쫀득쿠키',5600,'https://storage.googleapis.com/ovenroad-a0dc3.firebasestorage.app/menu/menu_dubai_cookie.jpg'),(434,193,'두바이 휘낭시에',5400,'https://storage.googleapis.com/ovenroad-a0dc3.firebasestorage.app/menu/menu_dubai_financier.jpg'),(435,193,'플레인 휘낭시에',2600,NULL),(436,193,'메도우 마가리타',6500,NULL),(437,193,'선샤인 라벤더 에이드',6500,NULL),(438,193,'아메리카노',5000,NULL),(439,194,'바스크 치즈 케이크 (1 piece)',6000,NULL),(440,194,'말차 테린느 (1 piece)',6000,NULL),(441,194,'바스크 치즈 케이크 (1호/홀)',26000,NULL),(442,194,'바닐라빈 에그타르트',3800,NULL),(443,194,'얼그레이 까눌레',3200,NULL),(444,194,'말차 테린느 세트 (3 piece)',19500,NULL),(445,195,'에그타르트',3800,'https://storage.googleapis.com/ovenroad-a0dc3.firebasestorage.app/menu/menu_eggtart.jpg'),(446,195,'프랭빵',5800,NULL),(447,195,'미트 파이',5500,NULL),(448,195,'크로아상 샌드위치',0,NULL),(449,195,'고구마 빵스퀴스',5000,NULL),(450,195,'아몬드크로아상',5000,NULL),(451,195,'참치 올리브 키쉬',7500,NULL),(452,195,'딸기 브리오슈',5000,NULL),(453,196,'버터떡',6000,'https://storage.googleapis.com/ovenroad-a0dc3.firebasestorage.app/menu/menu_butterttok.jpg'),(454,196,'두바이 쫀득쿠키',4900,'https://storage.googleapis.com/ovenroad-a0dc3.firebasestorage.app/menu/menu_dubai_cookie.jpg'),(455,196,'흑임자 쫀득쿠키',4100,NULL),(456,196,'유자딸기 (시즌한정)',0,NULL),(457,196,'무화과타르트 (시즌 한정)',0,NULL),(458,196,'슈가비치 (시즌 한정)',0,NULL),(459,196,'옥수수 (시즌 한정)',0,NULL),(460,196,'오미자 몽블랑 (시즌 한정)',0,NULL),(461,196,'율무 (시즌 한정)',0,NULL),(462,197,'버터떡',3600,'https://storage.googleapis.com/ovenroad-a0dc3.firebasestorage.app/menu/menu_butterttok.jpg'),(463,197,'초코바게트',7000,'https://storage.googleapis.com/ovenroad-a0dc3.firebasestorage.app/menu/menu_baguette.jpg'),(464,197,'밤파이',3900,NULL),(465,197,'슈크림',3700,NULL),(466,197,'밤식빵',11000,'https://storage.googleapis.com/ovenroad-a0dc3.firebasestorage.app/menu/menu_chestnut_bread.jpg'),(467,197,'쿠인아망',4800,'https://storage.googleapis.com/ovenroad-a0dc3.firebasestorage.app/menu/menu_kouign_amann.jpg'),(468,197,'다쿠아즈',3600,NULL),(469,197,'후렌치파이',6000,NULL),(470,197,'애플파이',4900,NULL),(471,198,'호두 크랜베리 깜빠뉴',5400,NULL),(472,198,'크루아상',3800,'https://storage.googleapis.com/ovenroad-a0dc3.firebasestorage.app/menu/menu_croissant.jpg'),(473,198,'플레인 스콘',4000,'https://storage.googleapis.com/ovenroad-a0dc3.firebasestorage.app/menu/menu_plain_scone.jpg'),(474,198,'빵 오 누텔라',5400,NULL),(475,198,'소시지빵',5100,NULL),(476,198,'실장님 스페셜(황도)',4300,NULL),(477,198,'블루베리 파이',4800,NULL),(478,198,'단팥빵',2700,'https://storage.googleapis.com/ovenroad-a0dc3.firebasestorage.app/menu/menu_danpatbbang.jpg'),(479,198,'카스타드 크림빵',2400,NULL),(480,198,'한입 쿠키',5500,NULL),(481,199,'바게트',4500,'https://storage.googleapis.com/ovenroad-a0dc3.firebasestorage.app/menu/menu_baguette.jpg'),(482,199,'호두잡곡식빵',5000,NULL),(483,199,'오렌지필 깜빠뉴',4000,NULL),(484,199,'호밀100%오렌지',8000,NULL),(485,199,'치아바타',4000,'https://storage.googleapis.com/ovenroad-a0dc3.firebasestorage.app/menu/menu_olive_ciabatta.jpg'),(486,199,'호밀식빵',5000,NULL),(487,199,'바게트 에피',4000,NULL),(488,199,'포카치아',4000,NULL),(489,199,'밤 네모',4000,NULL),(490,199,'쑥 깜빠뉴',4000,NULL),(491,199,'바질치즈브레드',4000,NULL),(492,199,'화이트식빵',4500,NULL),(493,200,'몽블랑',0,NULL),(494,200,'바게트샌드위치',0,'https://storage.googleapis.com/ovenroad-a0dc3.firebasestorage.app/menu/menu_baguette.jpg'),(495,200,'마늘바게트',0,NULL),(496,200,'소금빵',0,'https://storage.googleapis.com/ovenroad-a0dc3.firebasestorage.app/menu/menu_saltbread.jpg'),(497,200,'연유바게트',0,NULL),(498,200,'연유라우겐',0,NULL),(499,200,'어니언킹',0,NULL),(500,200,'에스프레소',3800,NULL),(501,200,'아메리카노',4500,NULL),(502,200,'카페라떼',5200,NULL),(503,200,'제주당근주스',6500,NULL),(504,201,'구로칸토 슈니빵',28000,NULL),(505,201,'다크비쇼',22000,NULL),(506,201,'통팥빵',3300,NULL),(507,201,'단팥빵',2900,'https://storage.googleapis.com/ovenroad-a0dc3.firebasestorage.app/menu/menu_danpatbbang.jpg'),(508,201,'고소한 맛 사라다빵',6000,NULL),(509,201,'크림빵',3300,NULL),(510,201,'초콜릿빵',3300,NULL),(511,201,'크로와상',4500,'https://storage.googleapis.com/ovenroad-a0dc3.firebasestorage.app/menu/menu_croissant.jpg'),(512,201,'초코크로와상',5500,NULL),(513,202,'1등 바게트',3900,NULL),(514,202,'통밤식빵',8900,NULL),(515,202,'군밤파이',4200,NULL),(516,202,'통딸기 생크림 케이크',59000,NULL),(517,202,'카이막',6900,NULL),(518,202,'티슈브레드',7900,NULL),(519,202,'월넛브레드',6900,NULL),(520,202,'누룽지빵',5900,NULL),(521,202,'무화과 크림치즈',6800,NULL),(522,203,'카시스 포요테',5500,NULL),(523,203,'플렝 파리지엥',7000,NULL),(524,203,'쇼숑오쁨',6500,NULL),(525,203,'빵스퀴스',6000,NULL),(526,203,'빵오쇼콜라',6000,'https://storage.googleapis.com/ovenroad-a0dc3.firebasestorage.app/menu/menu_pain_au_chocolat.jpg'),(527,203,'초코 브리오슈',5500,NULL),(528,203,'쿠인아망',5000,'https://storage.googleapis.com/ovenroad-a0dc3.firebasestorage.app/menu/menu_kouign_amann.jpg'),(529,203,'까눌레',4000,'https://storage.googleapis.com/ovenroad-a0dc3.firebasestorage.app/menu/menu_canele.jpg'),(530,203,'아몬드 크로와상',7500,NULL),(531,203,'크로와상',5500,'https://storage.googleapis.com/ovenroad-a0dc3.firebasestorage.app/menu/menu_croissant.jpg'),(532,204,'식빵',15000,NULL),(533,204,'깜빠뉴',10000,NULL),(534,204,'빵오쇼콜라',4500,'https://storage.googleapis.com/ovenroad-a0dc3.firebasestorage.app/menu/menu_pain_au_chocolat.jpg'),(535,204,'크로와상',4100,'https://storage.googleapis.com/ovenroad-a0dc3.firebasestorage.app/menu/menu_croissant.jpg'),(536,204,'크랜베리 스콘',3700,NULL),(537,204,'플레인 스콘',3700,'https://storage.googleapis.com/ovenroad-a0dc3.firebasestorage.app/menu/menu_plain_scone.jpg'),(538,204,'치아바타',3700,'https://storage.googleapis.com/ovenroad-a0dc3.firebasestorage.app/menu/menu_olive_ciabatta.jpg'),(539,204,'화이트 치아바타',3300,NULL),(540,204,'스틱 브레첼',3500,NULL);
/*!40000 ALTER TABLE `place_menu` ENABLE KEYS */;
UNLOCK TABLES;

--
-- Table structure for table `place_review`
--

DROP TABLE IF EXISTS `place_review`;
/*!40101 SET @saved_cs_client     = @@character_set_client */;
/*!50503 SET character_set_client = utf8mb4 */;
CREATE TABLE `place_review` (
  `REVIEW_NUM` int NOT NULL AUTO_INCREMENT,
  `PLACE_NUM` int NOT NULL,
  `USER_NUM` int NOT NULL,
  `RATING` tinyint DEFAULT NULL,
  `CONTENT` text COLLATE utf8mb4_unicode_ci,
  `CREATED_TIME` timestamp NULL DEFAULT CURRENT_TIMESTAMP,
  PRIMARY KEY (`REVIEW_NUM`),
  KEY `PLACE_NUM` (`PLACE_NUM`),
  KEY `USER_NUM` (`USER_NUM`),
  CONSTRAINT `place_review_ibfk_1` FOREIGN KEY (`PLACE_NUM`) REFERENCES `places` (`PLACE_NUM`) ON DELETE CASCADE,
  CONSTRAINT `place_review_ibfk_2` FOREIGN KEY (`USER_NUM`) REFERENCES `user` (`USER_NUM`) ON DELETE CASCADE
) ENGINE=InnoDB AUTO_INCREMENT=7 DEFAULT CHARSET=utf8mb4 COLLATE=utf8mb4_unicode_ci;
/*!40101 SET character_set_client = @saved_cs_client */;

--
-- Dumping data for table `place_review`
--

LOCK TABLES `place_review` WRITE;
/*!40000 ALTER TABLE `place_review` DISABLE KEYS */;
INSERT INTO `place_review` VALUES (1,160,2,4,'굳','2026-03-24 03:14:36'),(2,160,6,5,'너무 맛있어요','2026-03-24 06:49:25'),(3,198,6,3,'굳','2026-03-24 12:10:11'),(4,195,6,3,'좋아요','2026-03-24 13:49:34'),(5,194,6,2,'여기는 가격이 비싸요','2026-03-24 13:49:48'),(6,187,6,4,'....','2026-03-24 13:50:00');
/*!40000 ALTER TABLE `place_review` ENABLE KEYS */;
UNLOCK TABLES;

--
-- Table structure for table `question`
--

DROP TABLE IF EXISTS `question`;
/*!40101 SET @saved_cs_client     = @@character_set_client */;
/*!50503 SET character_set_client = utf8mb4 */;
CREATE TABLE `question` (
  `QUESTION_NUM` int NOT NULL AUTO_INCREMENT,
  `USER_NUM` int NOT NULL,
  `TITLE` varchar(200) COLLATE utf8mb4_unicode_ci NOT NULL,
  `CONTENT` text COLLATE utf8mb4_unicode_ci,
  `STATUS` tinyint NOT NULL DEFAULT '0',
  `CREATED_TIME` timestamp NULL DEFAULT CURRENT_TIMESTAMP,
  PRIMARY KEY (`QUESTION_NUM`),
  KEY `USER_NUM` (`USER_NUM`),
  CONSTRAINT `question_ibfk_1` FOREIGN KEY (`USER_NUM`) REFERENCES `user` (`USER_NUM`) ON DELETE CASCADE
) ENGINE=InnoDB DEFAULT CHARSET=utf8mb4 COLLATE=utf8mb4_unicode_ci;
/*!40101 SET character_set_client = @saved_cs_client */;

--
-- Dumping data for table `question`
--

LOCK TABLES `question` WRITE;
/*!40000 ALTER TABLE `question` DISABLE KEYS */;
/*!40000 ALTER TABLE `question` ENABLE KEYS */;
UNLOCK TABLES;
/*!40103 SET TIME_ZONE=@OLD_TIME_ZONE */;

/*!40101 SET SQL_MODE=@OLD_SQL_MODE */;
/*!40014 SET FOREIGN_KEY_CHECKS=@OLD_FOREIGN_KEY_CHECKS */;
/*!40014 SET UNIQUE_CHECKS=@OLD_UNIQUE_CHECKS */;
/*!40101 SET CHARACTER_SET_CLIENT=@OLD_CHARACTER_SET_CLIENT */;
/*!40101 SET CHARACTER_SET_RESULTS=@OLD_CHARACTER_SET_RESULTS */;
/*!40101 SET COLLATION_CONNECTION=@OLD_COLLATION_CONNECTION */;
/*!40111 SET SQL_NOTES=@OLD_SQL_NOTES */;

-- Dump completed on 2026-03-25 11:31:30
